Website URL,Summary,timestamp
https://www.nasa.gov,"Here are the website's main topics and features in simple bullet points:

**News and Events:**

* Latest news releases and articles on NASA's missions and discoveries
* Upcoming launches and landings
* Live coverage of spacewalks and other events on NASA+
* Podcasts, audio blogs, and newsletters

**Missions:**

* Artemis mission to the Moon
* International Space Station (ISS)
* James Webb Space Telescope
* Hubble Space Telescope
* Mars Perseverance rover

**Explore:**

* Earth science and climate change
* The Solar System (Sun, Mercury, Venus, Earth, Mars, etc.)
* The Universe (exoplanets, stars, galaxies, etc.)
* Space science and astrophysics

**Learning Resources:**

* For kids and students
* For educators
* For colleges and universities
* For professionals
* STEM activities and resources

**About NASA:**

* NASA's history and impacts
* Centers and facilities
* Directorates and organizations
* Careers and internships

**Multimedia:**

* Images and videos
* NASA Live and NASA+
* Podcasts and audio blogs
* e-Books and 3D resources
* Interactives and games

**Featured Topics:**

* Climate change and Earth science
* Space travel and exploration
* Aeronautics and technology
* Citizen science and community involvement",2026-06-29 11:43:08.242053
